<application>
  <component name="FindSettings">
    <option name="customScope" value="All Places" />
    <option name="defaultScopeName" value="All Places" />
    <option name="SEARCH_SCOPE" value="All Places" />
    <mask>*.properties</mask>
    <mask>*.html</mask>
    <mask>*.jsp</mask>
    <mask>*.xml</mask>
    <mask>*.java</mask>
    <mask>*.js</mask>
    <mask>*.as</mask>
    <mask>*.css</mask>
    <mask>*.mxml</mask>
    <mask>*.php</mask>
    <mask>composer.json</mask>
    <mask>class-wc-emerch-rest-products-controller.php</mask>
    <mask>class-wc-rest-products-controller.php</mask>
    <mask>class-wc-rest-product-categories-controller.php</mask>
    <mask>helper</mask>
    <mask>fs</mask>
  </component>
</application>